"particles+1","value"
5
0.0012598088456782248
6
0.00007841412512030172
5
0.028018007792914062
6
0.007607724481211811
5
0.054281917078165265
6
0.024193172879282205
5
0.04074808165832126
6
0.018398513110806092
